{
	"AWSTemplateFormatVersion": "2010-09-09",
	"Description": "Lambda resource stack creation using Amplify CLI",
	"Parameters": {
		"CloudWatchRule": {
			"Type": "String",
			"Default": "NONE",
			"Description": " Schedule Expression"
		},
		"env": {
			"Type": "String"
		},
		"storagecodesTableName": {
			"Type": "String",
			"Default": "storagecodesTableName"
		},
		"storagecodesTableArn": {
			"Type": "String",
			"Default": "storagecodesTableArn"
		},
		"storageclientsTableName": {
			"Type": "String",
			"Default": "storageclientsTableName"
		},
		"storageclientsTableArn": {
			"Type": "String",
			"Default": "storageclientsTableArn"
		}
	},
	"Conditions": {
		"ShouldNotCreateEnvResources": {
			"Fn::Equals": [
				{
					"Ref": "env"
				},
				"NONE"
			]
		}
	},
	"Resources": {
		"LambdaFunction": {
			"Type": "AWS::Lambda::Function",
			"Metadata": {
				"aws:asset:path": "./src",
				"aws:asset:property": "Code"
			},
			"Properties": {
				"Handler": "index.handler",
				"FunctionName": {
					"Fn::If": [
						"ShouldNotCreateEnvResources",
						"authorizefunction",
						{
							"Fn::Join": [
								"",
								[
									"authorizefunction",
									"-",
									{
										"Ref": "env"
									}
								]
							]
						}
					]
				},
				"Environment": {
					"Variables": {
						"ENV": {
							"Ref": "env"
						},
						"REGION": {
							"Ref": "AWS::Region"
						},
						"STORAGE_CODESTABLE_NAME": {
							"Ref": "storagecodesTableName"
						},
						"STORAGE_CODESTABLE_ARN": {
							"Ref": "storagecodesTableArn"
						},
						"STORAGE_CLIENTSTABLE_NAME": {
							"Ref": "storageclientsTableName"
						},
						"STORAGE_CLIENTSTABLE_ARN": {
							"Ref": "storageclientsTableArn"
						}
					}
				},
				"Role": {
					"Fn::GetAtt": [
						"LambdaExecutionRole",
						"Arn"
					]
				},
				"Runtime": "nodejs12.x",
				"Timeout": "25",
				"Code": {
					"S3Bucket": "amplify-amplify-identity-broker-xraffin-141758-deployment",
					"S3Key": "amplify-builds/authorizefunction-4a46762b66676d6f6d71-build.zip"
				},
				"Layers": []
			}
		},
		"LambdaExecutionRole": {
			"Type": "AWS::IAM::Role",
			"Properties": {
				"RoleName": {
					"Fn::If": [
						"ShouldNotCreateEnvResources",
						"amplifyidentitybrokerLambdaRole719106f6",
						{
							"Fn::Join": [
								"",
								[
									"amplifyidentitybrokerLambdaRole719106f6",
									"-",
									{
										"Ref": "env"
									}
								]
							]
						}
					]
				},
				"AssumeRolePolicyDocument": {
					"Version": "2012-10-17",
					"Statement": [
						{
							"Effect": "Allow",
							"Principal": {
								"Service": [
									"lambda.amazonaws.com"
								]
							},
							"Action": [
								"sts:AssumeRole"
							]
						}
					]
				}
			}
		},
		"lambdaexecutionpolicy": {
			"DependsOn": [
				"LambdaExecutionRole"
			],
			"Type": "AWS::IAM::Policy",
			"Properties": {
				"PolicyName": "lambda-execution-policy",
				"Roles": [
					{
						"Ref": "LambdaExecutionRole"
					}
				],
				"PolicyDocument": {
					"Version": "2012-10-17",
					"Statement": [
						{
							"Effect": "Allow",
							"Action": [
								"logs:CreateLogGroup",
								"logs:CreateLogStream",
								"logs:PutLogEvents"
							],
							"Resource": {
								"Fn::Sub": [
									"arn:aws:logs:${region}:${account}:log-group:/aws/lambda/${lambda}:log-stream:*",
									{
										"region": {
											"Ref": "AWS::Region"
										},
										"account": {
											"Ref": "AWS::AccountId"
										},
										"lambda": {
											"Ref": "LambdaFunction"
										}
									}
								]
							}
						}
					]
				}
			}
		},
		"AmplifyResourcesPolicy": {
			"DependsOn": [
				"LambdaExecutionRole"
			],
			"Type": "AWS::IAM::Policy",
			"Properties": {
				"PolicyName": "amplify-lambda-execution-policy",
				"Roles": [
					{
						"Ref": "LambdaExecutionRole"
					}
				],
				"PolicyDocument": {
					"Version": "2012-10-17",
					"Statement": [
						{
							"Effect": "Allow",
							"Action": [
								"dynamodb:Put*",
								"dynamodb:Create*",
								"dynamodb:BatchWriteItem",
								"dynamodb:Get*",
								"dynamodb:BatchGetItem",
								"dynamodb:List*",
								"dynamodb:Describe*",
								"dynamodb:Scan",
								"dynamodb:Query",
								"dynamodb:Update*",
								"dynamodb:RestoreTable*",
								"dynamodb:Delete*"
							],
							"Resource": [
								{
									"Ref": "storagecodesTableArn"
								},
								{
									"Fn::Join": [
										"/",
										[
											{
												"Ref": "storagecodesTableArn"
											},
											"index/*"
										]
									]
								}
							]
						},
						{
							"Effect": "Allow",
							"Action": [
								"dynamodb:Put*",
								"dynamodb:Create*",
								"dynamodb:BatchWriteItem",
								"dynamodb:Get*",
								"dynamodb:BatchGetItem",
								"dynamodb:List*",
								"dynamodb:Describe*",
								"dynamodb:Scan",
								"dynamodb:Query",
								"dynamodb:Update*",
								"dynamodb:RestoreTable*",
								"dynamodb:Delete*"
							],
							"Resource": [
								{
									"Ref": "storageclientsTableArn"
								},
								{
									"Fn::Join": [
										"/",
										[
											{
												"Ref": "storageclientsTableArn"
											},
											"index/*"
										]
									]
								}
							]
						}
					]
				}
			}
		}
	},
	"Outputs": {
		"Name": {
			"Value": {
				"Ref": "LambdaFunction"
			}
		},
		"Arn": {
			"Value": {
				"Fn::GetAtt": [
					"LambdaFunction",
					"Arn"
				]
			}
		},
		"Region": {
			"Value": {
				"Ref": "AWS::Region"
			}
		},
		"LambdaExecutionRole": {
			"Value": {
				"Ref": "LambdaExecutionRole"
			}
		}
	}
}