{
    "resourceNameTruncated": "brokeraue6c0c3e3",
    "userPoolName": "brokeruserpool",
    "autoVerifiedAttributes": [
        "email"
    ],
    "mfaConfiguration": "OPTIONAL",
    "mfaTypes": [
        "SMS Text Message",
        "TOTP"
    ],
    "smsAuthenticationMessage": "Your authentication code is {####}",
    "smsVerificationMessage": "Your verification code is {####}",
    "emailVerificationSubject": "Your verification code",
    "emailVerificationMessage": "Your verification code is {####}",
    "defaultPasswordPolicy": false,
    "passwordPolicyMinLength": 8,
    "passwordPolicyCharacters": [],
    "requiredAttributes": [
        "email",
        "phone_number"
    ],
    "userpoolClientGenerateSecret": true,
    "userpoolClientRefreshTokenValidity": 30,
    "userpoolClientWriteAttributes": [
        "email"
    ],
    "userpoolClientReadAttributes": [
        "email"
    ],
    "userpoolClientLambdaRole": "brokeraue6c0c3e3_userpoolclient_lambda_role",
    "userpoolClientSetAttributes": false,
    "useDefault": "manual",
    "authSelections": "userPoolOnly",
    "resourceName": "brokerauth",
    "usernameAttributes": [
        "email, phone_number"
    ],
    "userPoolGroups": false,
    "adminQueries": false,
    "triggers": "{\"CustomMessage\":[\"custom\"]}",
    "hostedUI": false,
    "userPoolGroupList": [],
    "authRoleArn": {
        "Fn::GetAtt": [
            "AuthRole",
            "Arn"
        ]
    },
    "unauthRoleArn": {
        "Fn::GetAtt": [
            "UnauthRole",
            "Arn"
        ]
    },
    "parentStack": {
        "Ref": "AWS::StackId"
    },
    "permissions": [],
    "dependsOn": [
        {
            "category": "function",
            "resourceName": "brokerauthCustomMessage",
            "triggerProvider": "Cognito",
            "attributes": [
                "Arn",
                "Name"
            ]
        }
    ]
}