{
  "AWSTemplateFormatVersion": "2010-09-09",
  "Description": "API Gateway resource stack creation using Amplify CLI",
  "Parameters": {
    "authRoleName": {
      "Type": "String"
    },
    "unauthRoleName": {
      "Type": "String"
    },
    "env": {
      "Type": "String"
    },
    "functionauthorizefunctionName": {
      "Type": "String",
      "Default": "functionauthorizefunctionName"
    },
    "functionauthorizefunctionArn": {
      "Type": "String",
      "Default": "functionauthorizefunctionArn"
    },
    "functiontokenfunctionName": {
      "Type": "String",
      "Default": "functiontokenfunctionName"
    },
    "functiontokenfunctionArn": {
      "Type": "String",
      "Default": "functiontokenfunctionArn"
    },
    "functionstoragefunctionName": {
      "Type": "String",
      "Default": "functionstoragefunctionName"
    },
    "functionstoragefunctionArn": {
      "Type": "String",
      "Default": "functionstoragefunctionArn"
    }
  },
  "Conditions": {
    "ShouldNotCreateEnvResources": {
      "Fn::Equals": [
        {
          "Ref": "env"
        },
        "NONE"
      ]
    }
  },
  "Resources": {
    "backendapi": {
      "Type": "AWS::ApiGateway::RestApi",
      "Properties": {
        "Description": "",
        "Name": "amplify-identity-broker-backendapi",
        "Parameters": {
          "endpointConfigurationTypes": "REGIONAL"
        },
        "Body": {
          "swagger": "2.0",
          "info": {
            "version": "2018-05-24T17:52:00Z",
            "title": "amplify-identity-broker-backendapi"
          },
          "host": {
            "Fn::Join": [
              "",
              [
                "apigateway.",
                {
                  "Ref": "AWS::Region"
                },
                ".amazonaws.com"
              ]
            ]
          },
          "basePath": {
            "Fn::If": [
              "ShouldNotCreateEnvResources",
              "/Prod",
              {
                "Fn::Join": [
                  "",
                  [
                    "/",
                    {
                      "Ref": "env"
                    }
                  ]
                ]
              }
            ]
          },
          "schemes": [
            "https"
          ],
          "paths": {
            "/oauth2/authorize": {
              "options": {
                "consumes": [
                  "application/json"
                ],
                "produces": [
                  "application/json"
                ],
                "responses": {
                  "200": {
                    "description": "200 response",
                    "headers": {
                      "Access-Control-Allow-Origin": {
                        "type": "string"
                      },
                      "Access-Control-Allow-Methods": {
                        "type": "string"
                      },
                      "Access-Control-Allow-Headers": {
                        "type": "string"
                      }
                    }
                  }
                },
                "x-amazon-apigateway-integration": {
                  "responses": {
                    "default": {
                      "statusCode": "200",
                      "responseParameters": {
                        "method.response.header.Access-Control-Allow-Methods": "'DELETE,GET,HEAD,OPTIONS,PATCH,POST,PUT'",
                        "method.response.header.Access-Control-Allow-Headers": "'Content-Type,X-Amz-Date,Authorization,X-Api-Key,X-Amz-Security-Token,X-Amz-User-Agent'",
                        "method.response.header.Access-Control-Allow-Origin": "'*'"
                      }
                    }
                  },
                  "requestTemplates": {
                    "application/json": "{\"statusCode\": 200}"
                  },
                  "passthroughBehavior": "when_no_match",
                  "type": "mock"
                }
              },
              "x-amazon-apigateway-any-method": {
                "consumes": [
                  "application/json"
                ],
                "produces": [
                  "application/json"
                ],
                "parameters": [
                  {
                    "in": "body",
                    "name": "RequestSchema",
                    "required": false,
                    "schema": {
                      "$ref": "#/definitions/RequestSchema"
                    }
                  }
                ],
                "responses": {
                  "200": {
                    "description": "200 response",
                    "schema": {
                      "$ref": "#/definitions/ResponseSchema"
                    }
                  }
                },
                "x-amazon-apigateway-integration": {
                  "responses": {
                    "default": {
                      "statusCode": "200"
                    }
                  },
                  "uri": {
                    "Fn::Join": [
                      "",
                      [
                        "arn:aws:apigateway:",
                        {
                          "Ref": "AWS::Region"
                        },
                        ":lambda:path/2015-03-31/functions/",
                        {
                          "Ref": "functionauthorizefunctionArn"
                        },
                        "/invocations"
                      ]
                    ]
                  },
                  "passthroughBehavior": "when_no_match",
                  "httpMethod": "POST",
                  "type": "aws_proxy"
                }
              }
            },
            "/oauth2/authorize/{proxy+}": {
              "options": {
                "consumes": [
                  "application/json"
                ],
                "produces": [
                  "application/json"
                ],
                "responses": {
                  "200": {
                    "description": "200 response",
                    "headers": {
                      "Access-Control-Allow-Origin": {
                        "type": "string"
                      },
                      "Access-Control-Allow-Methods": {
                        "type": "string"
                      },
                      "Access-Control-Allow-Headers": {
                        "type": "string"
                      }
                    }
                  }
                },
                "x-amazon-apigateway-integration": {
                  "responses": {
                    "default": {
                      "statusCode": "200",
                      "responseParameters": {
                        "method.response.header.Access-Control-Allow-Methods": "'DELETE,GET,HEAD,OPTIONS,PATCH,POST,PUT'",
                        "method.response.header.Access-Control-Allow-Headers": "'Content-Type,X-Amz-Date,Authorization,X-Api-Key,X-Amz-Security-Token,X-Amz-User-Agent'",
                        "method.response.header.Access-Control-Allow-Origin": "'*'"
                      }
                    }
                  },
                  "requestTemplates": {
                    "application/json": "{\"statusCode\": 200}"
                  },
                  "passthroughBehavior": "when_no_match",
                  "type": "mock"
                }
              },
              "x-amazon-apigateway-any-method": {
                "consumes": [
                  "application/json"
                ],
                "produces": [
                  "application/json"
                ],
                "parameters": [
                  {
                    "in": "body",
                    "name": "RequestSchema",
                    "required": false,
                    "schema": {
                      "$ref": "#/definitions/RequestSchema"
                    }
                  }
                ],
                "responses": {
                  "200": {
                    "description": "200 response",
                    "schema": {
                      "$ref": "#/definitions/ResponseSchema"
                    }
                  }
                },
                "x-amazon-apigateway-integration": {
                  "responses": {
                    "default": {
                      "statusCode": "200"
                    }
                  },
                  "uri": {
                    "Fn::Join": [
                      "",
                      [
                        "arn:aws:apigateway:",
                        {
                          "Ref": "AWS::Region"
                        },
                        ":lambda:path/2015-03-31/functions/",
                        {
                          "Ref": "functionauthorizefunctionArn"
                        },
                        "/invocations"
                      ]
                    ]
                  },
                  "passthroughBehavior": "when_no_match",
                  "httpMethod": "POST",
                  "type": "aws_proxy"
                }
              }
            },
            "/oauth2/token": {
              "options": {
                "consumes": [
                  "application/json"
                ],
                "produces": [
                  "application/json"
                ],
                "responses": {
                  "200": {
                    "description": "200 response",
                    "headers": {
                      "Access-Control-Allow-Origin": {
                        "type": "string"
                      },
                      "Access-Control-Allow-Methods": {
                        "type": "string"
                      },
                      "Access-Control-Allow-Headers": {
                        "type": "string"
                      }
                    }
                  }
                },
                "x-amazon-apigateway-integration": {
                  "responses": {
                    "default": {
                      "statusCode": "200",
                      "responseParameters": {
                        "method.response.header.Access-Control-Allow-Methods": "'DELETE,GET,HEAD,OPTIONS,PATCH,POST,PUT'",
                        "method.response.header.Access-Control-Allow-Headers": "'Content-Type,X-Amz-Date,Authorization,X-Api-Key,X-Amz-Security-Token,X-Amz-User-Agent'",
                        "method.response.header.Access-Control-Allow-Origin": "'*'"
                      }
                    }
                  },
                  "requestTemplates": {
                    "application/json": "{\"statusCode\": 200}"
                  },
                  "passthroughBehavior": "when_no_match",
                  "type": "mock"
                }
              },
              "x-amazon-apigateway-any-method": {
                "consumes": [
                  "application/json"
                ],
                "produces": [
                  "application/json"
                ],
                "parameters": [
                  {
                    "in": "body",
                    "name": "RequestSchema",
                    "required": false,
                    "schema": {
                      "$ref": "#/definitions/RequestSchema"
                    }
                  }
                ],
                "responses": {
                  "200": {
                    "description": "200 response",
                    "schema": {
                      "$ref": "#/definitions/ResponseSchema"
                    }
                  }
                },
                "x-amazon-apigateway-integration": {
                  "responses": {
                    "default": {
                      "statusCode": "200"
                    }
                  },
                  "uri": {
                    "Fn::Join": [
                      "",
                      [
                        "arn:aws:apigateway:",
                        {
                          "Ref": "AWS::Region"
                        },
                        ":lambda:path/2015-03-31/functions/",
                        {
                          "Ref": "functiontokenfunctionArn"
                        },
                        "/invocations"
                      ]
                    ]
                  },
                  "passthroughBehavior": "when_no_match",
                  "httpMethod": "POST",
                  "type": "aws_proxy"
                }
              }
            },
            "/oauth2/token/{proxy+}": {
              "options": {
                "consumes": [
                  "application/json"
                ],
                "produces": [
                  "application/json"
                ],
                "responses": {
                  "200": {
                    "description": "200 response",
                    "headers": {
                      "Access-Control-Allow-Origin": {
                        "type": "string"
                      },
                      "Access-Control-Allow-Methods": {
                        "type": "string"
                      },
                      "Access-Control-Allow-Headers": {
                        "type": "string"
                      }
                    }
                  }
                },
                "x-amazon-apigateway-integration": {
                  "responses": {
                    "default": {
                      "statusCode": "200",
                      "responseParameters": {
                        "method.response.header.Access-Control-Allow-Methods": "'DELETE,GET,HEAD,OPTIONS,PATCH,POST,PUT'",
                        "method.response.header.Access-Control-Allow-Headers": "'Content-Type,X-Amz-Date,Authorization,X-Api-Key,X-Amz-Security-Token,X-Amz-User-Agent'",
                        "method.response.header.Access-Control-Allow-Origin": "'*'"
                      }
                    }
                  },
                  "requestTemplates": {
                    "application/json": "{\"statusCode\": 200}"
                  },
                  "passthroughBehavior": "when_no_match",
                  "type": "mock"
                }
              },
              "x-amazon-apigateway-any-method": {
                "consumes": [
                  "application/json"
                ],
                "produces": [
                  "application/json"
                ],
                "parameters": [
                  {
                    "in": "body",
                    "name": "RequestSchema",
                    "required": false,
                    "schema": {
                      "$ref": "#/definitions/RequestSchema"
                    }
                  }
                ],
                "responses": {
                  "200": {
                    "description": "200 response",
                    "schema": {
                      "$ref": "#/definitions/ResponseSchema"
                    }
                  }
                },
                "x-amazon-apigateway-integration": {
                  "responses": {
                    "default": {
                      "statusCode": "200"
                    }
                  },
                  "uri": {
                    "Fn::Join": [
                      "",
                      [
                        "arn:aws:apigateway:",
                        {
                          "Ref": "AWS::Region"
                        },
                        ":lambda:path/2015-03-31/functions/",
                        {
                          "Ref": "functiontokenfunctionArn"
                        },
                        "/invocations"
                      ]
                    ]
                  },
                  "passthroughBehavior": "when_no_match",
                  "httpMethod": "POST",
                  "type": "aws_proxy"
                }
              }
            },
            "/storage": {
              "options": {
                "consumes": [
                  "application/json"
                ],
                "produces": [
                  "application/json"
                ],
                "responses": {
                  "200": {
                    "description": "200 response",
                    "headers": {
                      "Access-Control-Allow-Origin": {
                        "type": "string"
                      },
                      "Access-Control-Allow-Methods": {
                        "type": "string"
                      },
                      "Access-Control-Allow-Headers": {
                        "type": "string"
                      }
                    }
                  }
                },
                "x-amazon-apigateway-integration": {
                  "responses": {
                    "default": {
                      "statusCode": "200",
                      "responseParameters": {
                        "method.response.header.Access-Control-Allow-Methods": "'DELETE,GET,HEAD,OPTIONS,PATCH,POST,PUT'",
                        "method.response.header.Access-Control-Allow-Headers": "'Content-Type,X-Amz-Date,Authorization,X-Api-Key,X-Amz-Security-Token,X-Amz-User-Agent'",
                        "method.response.header.Access-Control-Allow-Origin": "'*'"
                      }
                    }
                  },
                  "requestTemplates": {
                    "application/json": "{\"statusCode\": 200}"
                  },
                  "passthroughBehavior": "when_no_match",
                  "type": "mock"
                }
              },
              "x-amazon-apigateway-any-method": {
                "consumes": [
                  "application/json"
                ],
                "produces": [
                  "application/json"
                ],
                "parameters": [
                  {
                    "in": "body",
                    "name": "RequestSchema",
                    "required": false,
                    "schema": {
                      "$ref": "#/definitions/RequestSchema"
                    }
                  }
                ],
                "responses": {
                  "200": {
                    "description": "200 response",
                    "schema": {
                      "$ref": "#/definitions/ResponseSchema"
                    }
                  }
                },
                "x-amazon-apigateway-integration": {
                  "responses": {
                    "default": {
                      "statusCode": "200"
                    }
                  },
                  "uri": {
                    "Fn::Join": [
                      "",
                      [
                        "arn:aws:apigateway:",
                        {
                          "Ref": "AWS::Region"
                        },
                        ":lambda:path/2015-03-31/functions/",
                        {
                          "Ref": "functionstoragefunctionArn"
                        },
                        "/invocations"
                      ]
                    ]
                  },
                  "passthroughBehavior": "when_no_match",
                  "httpMethod": "POST",
                  "type": "aws_proxy"
                }
              }
            },
            "/storage/{proxy+}": {
              "options": {
                "consumes": [
                  "application/json"
                ],
                "produces": [
                  "application/json"
                ],
                "responses": {
                  "200": {
                    "description": "200 response",
                    "headers": {
                      "Access-Control-Allow-Origin": {
                        "type": "string"
                      },
                      "Access-Control-Allow-Methods": {
                        "type": "string"
                      },
                      "Access-Control-Allow-Headers": {
                        "type": "string"
                      }
                    }
                  }
                },
                "x-amazon-apigateway-integration": {
                  "responses": {
                    "default": {
                      "statusCode": "200",
                      "responseParameters": {
                        "method.response.header.Access-Control-Allow-Methods": "'DELETE,GET,HEAD,OPTIONS,PATCH,POST,PUT'",
                        "method.response.header.Access-Control-Allow-Headers": "'Content-Type,X-Amz-Date,Authorization,X-Api-Key,X-Amz-Security-Token,X-Amz-User-Agent'",
                        "method.response.header.Access-Control-Allow-Origin": "'*'"
                      }
                    }
                  },
                  "requestTemplates": {
                    "application/json": "{\"statusCode\": 200}"
                  },
                  "passthroughBehavior": "when_no_match",
                  "type": "mock"
                }
              },
              "x-amazon-apigateway-any-method": {
                "consumes": [
                  "application/json"
                ],
                "produces": [
                  "application/json"
                ],
                "parameters": [
                  {
                    "in": "body",
                    "name": "RequestSchema",
                    "required": false,
                    "schema": {
                      "$ref": "#/definitions/RequestSchema"
                    }
                  }
                ],
                "responses": {
                  "200": {
                    "description": "200 response",
                    "schema": {
                      "$ref": "#/definitions/ResponseSchema"
                    }
                  }
                },
                "x-amazon-apigateway-integration": {
                  "responses": {
                    "default": {
                      "statusCode": "200"
                    }
                  },
                  "uri": {
                    "Fn::Join": [
                      "",
                      [
                        "arn:aws:apigateway:",
                        {
                          "Ref": "AWS::Region"
                        },
                        ":lambda:path/2015-03-31/functions/",
                        {
                          "Ref": "functionstoragefunctionArn"
                        },
                        "/invocations"
                      ]
                    ]
                  },
                  "passthroughBehavior": "when_no_match",
                  "httpMethod": "POST",
                  "type": "aws_proxy"
                }
              }
            }
          },
          "securityDefinitions": {
            "sigv4": {
              "type": "apiKey",
              "name": "Authorization",
              "in": "header",
              "x-amazon-apigateway-authtype": "awsSigv4"
            }
          },
          "definitions": {
            "RequestSchema": {
              "type": "object",
              "required": [
                "request"
              ],
              "properties": {
                "request": {
                  "type": "string"
                }
              },
              "title": "Request Schema"
            },
            "ResponseSchema": {
              "type": "object",
              "required": [
                "response"
              ],
              "properties": {
                "response": {
                  "type": "string"
                }
              },
              "title": "Response Schema"
            }
          }
        },
        "FailOnWarnings": true
      }
    },
    "functionauthorizefunctionPermissionbackendapi": {
      "Type": "AWS::Lambda::Permission",
      "Properties": {
        "FunctionName": {
          "Ref": "functionauthorizefunctionName"
        },
        "Action": "lambda:InvokeFunction",
        "Principal": "apigateway.amazonaws.com",
        "SourceArn": {
          "Fn::Join": [
            "",
            [
              "arn:aws:execute-api:",
              {
                "Ref": "AWS::Region"
              },
              ":",
              {
                "Ref": "AWS::AccountId"
              },
              ":",
              {
                "Ref": "backendapi"
              },
              "/*/*/*"
            ]
          ]
        }
      }
    },
    "functiontokenfunctionPermissionbackendapi": {
      "Type": "AWS::Lambda::Permission",
      "Properties": {
        "FunctionName": {
          "Ref": "functiontokenfunctionName"
        },
        "Action": "lambda:InvokeFunction",
        "Principal": "apigateway.amazonaws.com",
        "SourceArn": {
          "Fn::Join": [
            "",
            [
              "arn:aws:execute-api:",
              {
                "Ref": "AWS::Region"
              },
              ":",
              {
                "Ref": "AWS::AccountId"
              },
              ":",
              {
                "Ref": "backendapi"
              },
              "/*/*/*"
            ]
          ]
        }
      }
    },
    "functionstoragefunctionPermissionbackendapi": {
      "Type": "AWS::Lambda::Permission",
      "Properties": {
        "FunctionName": {
          "Ref": "functionstoragefunctionName"
        },
        "Action": "lambda:InvokeFunction",
        "Principal": "apigateway.amazonaws.com",
        "SourceArn": {
          "Fn::Join": [
            "",
            [
              "arn:aws:execute-api:",
              {
                "Ref": "AWS::Region"
              },
              ":",
              {
                "Ref": "AWS::AccountId"
              },
              ":",
              {
                "Ref": "backendapi"
              },
              "/*/*/*"
            ]
          ]
        }
      }
    },
    "DeploymentAPIGWbackendapi": {
      "Type": "AWS::ApiGateway::Deployment",
      "Properties": {
        "Description": "The Development stage deployment of your API.",
        "StageName": {
          "Fn::If": [
            "ShouldNotCreateEnvResources",
            "Prod",
            {
              "Ref": "env"
            }
          ]
        },
        "RestApiId": {
          "Ref": "backendapi"
        }
      }
    }
  },
  "Outputs": {
    "RootUrl": {
      "Description": "Root URL of the API gateway",
      "Value": {
        "Fn::Join": [
          "",
          [
            "https://",
            {
              "Ref": "backendapi"
            },
            ".execute-api.",
            {
              "Ref": "AWS::Region"
            },
            ".amazonaws.com/",
            {
              "Fn::If": [
                "ShouldNotCreateEnvResources",
                "Prod",
                {
                  "Ref": "env"
                }
              ]
            }
          ]
        ]
      }
    },
    "ApiDomain": {
      "Description": "Domain of the API gateway",
      "Value": {
        "Fn::Join": [
          "",
          [
            {
              "Ref": "backendapi"
            },
            ".execute-api.",
            {
              "Ref": "AWS::Region"
            },
            ".amazonaws.com"
          ]
        ]
      }
    },
    "ApiName": {
      "Description": "API Friendly name",
      "Value": "backendapi"
    },
    "ApiId": {
      "Description": "API ID (prefix of API URL)",
      "Value": {
        "Ref": "backendapi"
      }
    }
  }
}