{
    "trigger": true,
    "modules": [
        "custom"
    ],
    "parentResource": "brokerauth",
    "functionName": "brokerauthCustomMessage",
    "resourceName": "brokerauthCustomMessage",
    "parentStack": "auth",
    "triggerEnvs": [],
    "triggerDir": "/Users/xraffin/.nvm/versions/node/v12.14.0/lib/node_modules/@aws-amplify/cli/node_modules/amplify-category-auth/provider-utils/awscloudformation/utils/../triggers/CustomMessage",
    "triggerTemplate": "CustomMessage.json.ejs",
    "roleName": "brokerauthCustomMessage",
    "skipEdit": true
}