{
    "auth": {
        "brokerauth": {
            "service": "Cognito",
            "providerPlugin": "awscloudformation",
            "dependsOn": [
                {
                    "category": "function",
                    "resourceName": "brokerauthCustomMessage",
                    "triggerProvider": "Cognito",
                    "attributes": [
                        "Arn",
                        "Name"
                    ]
                }
            ]
        }
    },
    "hosting": {
        "S3AndCloudFront": {
            "service": "S3AndCloudFront",
            "providerPlugin": "awscloudformation",
            "dependsOn": [
                {
                    "category": "api",
                    "resourceName": "backendapi",
                    "attributes": [
                        "ApiDomain"
                    ]
                }
            ]
        }
    },
    "function": {
        "brokerauthCustomMessage": {
            "build": true,
            "providerPlugin": "awscloudformation",
            "service": "Lambda"
        },
        "authorizefunction": {
            "build": true,
            "providerPlugin": "awscloudformation",
            "service": "Lambda",
            "dependsOn": [
                {
                    "category": "storage",
                    "resourceName": "codesTable",
                    "attributes": [
                        "Name",
                        "Arn"
                    ]
                },
                {
                    "category": "storage",
                    "resourceName": "clientsTable",
                    "attributes": [
                        "Name",
                        "Arn"
                    ]
                }
            ]
        },
        "tokenfunction": {
            "build": true,
            "providerPlugin": "awscloudformation",
            "service": "Lambda",
            "dependsOn": [
                {
                    "category": "storage",
                    "resourceName": "codesTable",
                    "attributes": [
                        "Name",
                        "Arn"
                    ]
                }
            ]
        },
        "storagefunction": {
            "build": true,
            "providerPlugin": "awscloudformation",
            "service": "Lambda"
        }
    },
    "api": {
        "backendapi": {
            "service": "API Gateway",
            "providerPlugin": "awscloudformation",
            "dependsOn": [
                {
                    "category": "function",
                    "resourceName": "authorizefunction",
                    "attributes": [
                        "Name",
                        "Arn"
                    ]
                },
                {
                    "category": "function",
                    "resourceName": "tokenfunction",
                    "attributes": [
                        "Name",
                        "Arn"
                    ]
                },
                {
                    "category": "function",
                    "resourceName": "storagefunction",
                    "attributes": [
                        "Name",
                        "Arn"
                    ]
                }
            ]
        }
    },
    "storage": {
        "codesTable": {
            "service": "DynamoDB",
            "providerPlugin": "awscloudformation"
        },
        "clientsTable": {
            "service": "DynamoDB",
            "providerPlugin": "awscloudformation"
        }
    }
}